item_id,brand_id,code,rgb,series_id,pencil_name,color_id,order,inv_qty,wish_qty
481106,93698434,233,"{""b"": 152, ""g"": 178, ""r"": 142}",NULL,"{""en"": ""cold grey IV"", ""ja"": """"}",NULL,113,0,0
1049913,45853241,OP 436,"{""b"": 188, ""g"": 134, ""r"": 184}",NULL,"{""en"": ""fuchsia"", ""ja"": ""フクシア""}",NULL,109,0,0
1607769,45853241,OP 028,"{""b"": 104, ""g"": 136, ""r"": 235}",NULL,"{""en"": ""salmon pink"", ""ja"": ""サーモンピンク""}",NULL,5,0,0
2244319,93698434,174,"{""b"": 79, ""g"": 113, ""r"": 101}",NULL,"{""en"": ""chromium green opaque"", ""ja"": """"}",NULL,76,0,0
2704388,45853241,OP 123,"{""b"": 147, ""g"": 206, ""r"": 234}",NULL,"{""en"": ""flesh"", ""ja"": ""フレッシュ""}",NULL,32,0,0
2821117,45853241,OP 255,"{""b"": 72, ""g"": 118, ""r"": 45}",NULL,"{""en"": ""malachite green"", ""ja"": ""マラカイトグリーン""}",NULL,69,0,0
4259130,93698434,185,"{""b"": 90, ""g"": 210, ""r"": 248}",NULL,"{""en"": ""Naples yellow"", ""ja"": """"}",NULL,92,0,0
4494764,93698434,129,"{""b"": 178, ""g"": 137, ""r"": 243}",NULL,"{""en"": ""pink madder lake"", ""ja"": """"}",NULL,30,0,0
4565966,93698434,165,"{""b"": 77, ""g"": 105, ""r"": 68}",NULL,"{""en"": ""juniper green"", ""ja"": """"}",NULL,72,0,0
4665756,45853241,OP 710,"{""b"": 165, ""g"": 96, ""r"": 174}",NULL,"{""en"": ""luminous rose"", ""ja"": ""ルミナスローズ""}",NULL,146,0,0
5095532,45853241,OP 277,"{""b"": 151, ""g"": 173, ""r"": 102}",NULL,"{""en"": ""celadon"", ""ja"": ""セラドン""}",NULL,79,0,0
6403381,93698434,161,"{""b"": 145, ""g"": 176, ""r"": 0}",NULL,"{""en"": ""phthalo green"", ""ja"": """"}",NULL,62,0,0
6480727,93698434,149,"{""b"": 162, ""g"": 119, ""r"": 0}",NULL,"{""en"": ""bluish turquoise"", ""ja"": """"}",NULL,52,0,0
7099675,93698434,178,"{""b"": 107, ""g"": 124, ""r"": 146}",NULL,"{""en"": ""nougat"", ""ja"": """"}",NULL,99,0,0
7602611,93698434,268,"{""b"": 57, ""g"": 148, ""r"": 202}",NULL,"{""en"": ""green gold"", ""ja"": """"}",NULL,94,0,0
7638016,45853241,OP 371,"{""b"": 167, ""g"": 158, ""r"": 99}",NULL,"{""en"": ""sky mist"", ""ja"": ""スカイミスト""}",NULL,102,0,0
8125748,45853241,OP 368,"{""b"": 131, ""g"": 67, ""r"": 37}",NULL,"{""en"": ""purussian blue"", ""ja"": ""プルシャンブルー""}",NULL,101,0,0
8183091,45853241,OP 031,"{""b"": 96, ""g"": 81, ""r"": 226}",NULL,"{""en"": ""carnation"", ""ja"": ""カーネーション""}",NULL,6,0,0
8501089,45853241,OP 269,"{""b"": 115, ""g"": 114, ""r"": 30}",NULL,"{""en"": ""triton green"", ""ja"": ""トリトングリーン""}",NULL,73,0,0
8507274,45853241,OP 192,"{""b"": 51, ""g"": 101, ""r"": 165}",NULL,"{""en"": ""tan"", ""ja"": ""タン""}",NULL,52,0,0
8532776,93698434,276,"{""b"": 127, ""g"": 152, ""r"": 0}",NULL,"{""en"": ""chrome oxide green fiery"", ""ja"": """"}",NULL,61,0,0
8624170,93698434,135,"{""b"": 161, ""g"": 104, ""r"": 171}",NULL,"{""en"": ""light red-violet"", ""ja"": """"}",NULL,32,0,0
8887494,93698434,193,"{""b"": 100, ""g"": 81, ""r"": 170}",NULL,"{""en"": ""burnt carmine"", ""ja"": """"}",NULL,81,0,0
9019918,93698434,192,"{""b"": 74, ""g"": 71, ""r"": 145}",NULL,"{""en"": ""Indian red"", ""ja"": """"}",NULL,79,0,0
9643124,45853241,OP 182,"{""b"": 52, ""g"": 55, ""r"": 64}",NULL,"{""en"": ""sepia"", ""ja"": ""セピア""}",NULL,48,0,0
10509223,45853241,OP 262,"{""b"": 72, ""g"": 118, ""r"": 45}",NULL,"{""en"": ""sap green"", ""ja"": ""サップグリーン""}",NULL,70,0,0
10588815,45853241,OP 275,"{""b"": 139, ""g"": 175, ""r"": 110}",NULL,"{""en"": ""surf green"", ""ja"": ""サーフグリーン""}",NULL,78,0,0
10614878,45853241,OP 441,"{""b"": 149, ""g"": 61, ""r"": 56}",NULL,"{""en"": ""violet"", ""ja"": ""バイオレット""}",NULL,112,0,0
10911230,45853241,OP 294,"{""b"": 58, ""g"": 100, ""r"": 51}",NULL,"{""en"": ""jasper green"", ""ja"": ""ジャスパーグリーン""}",NULL,84,0,0
11029448,45853241,OP 349,"{""b"": 169, ""g"": 88, ""r"": 36}",NULL,"{""en"": ""ultra blue"", ""ja"": ""ウルトラブルー""}",NULL,99,0,0
11418216,45853241,OP 395,"{""b"": 211, ""g"": 163, ""r"": 97}",NULL,"{""en"": ""saxe blue"", ""ja"": ""サックスブルー""}",NULL,104,0,0
11926292,45853241,OP 531,"{""b"": 218, ""g"": 213, ""r"": 210}",NULL,"{""en"": ""cool grey #1"", ""ja"": ""クールグレイ#1""}",NULL,133,0,0
12415743,45853241,OP 060,"{""b"": 63, ""g"": 36, ""r"": 145}",NULL,"{""en"": ""wine red"", ""ja"": ""ワインレッド""}",NULL,19,0,0
12558389,93698434,128,"{""b"": 152, ""g"": 109, ""r"": 240}",NULL,"{""en"": ""light purple pink"", ""ja"": """"}",NULL,29,0,0
12773753,45853241,OP 720,"{""b"": 167, ""g"": 104, ""r"": 192}",NULL,"{""en"": ""luminous opera"", ""ja"": ""ルミナスオペラ""}",NULL,147,0,0
13982944,93698434,217,"{""b"": 79, ""g"": 69, ""r"": 188}",NULL,"{""en"": ""middle cadmium red"", ""ja"": """"}",NULL,19,0,0
14140113,45853241,OP 434,"{""b"": 190, ""g"": 133, ""r"": 175}",NULL,"{""en"": ""mauve"", ""ja"": ""モーブ""}",NULL,108,0,0
14472849,93698434,125,"{""b"": 139, ""g"": 64, ""r"": 195}",NULL,"{""en"": ""middle purple pink"", ""ja"": """"}",NULL,28,0,0
14585714,45853241,OP 326,"{""b"": 227, ""g"": 177, ""r"": 125}",NULL,"{""en"": ""forget-me-not blue"", ""ja"": ""フォゲットミーノットブルー""}",NULL,90,0,0
14703355,45853241,OP 339,"{""b"": 191, ""g"": 128, ""r"": 104}",NULL,"{""en"": ""smalt blue"", ""ja"": ""スマルトブルー""}",NULL,93,0,0
15202301,93698434,166,"{""b"": 95, ""g"": 194, ""r"": 118}",NULL,"{""en"": ""grass green"", ""ja"": """"}",NULL,66,0,0
15297296,45853241,OP 047,"{""b"": 48, ""g"": 97, ""r"": 236}",NULL,"{""en"": ""tiger lily"", ""ja"": ""タイガーリリー""}",NULL,12,0,0
15383408,93698434,180,"{""b"": 74, ""g"": 115, ""r"": 154}",NULL,"{""en"": ""raw umber"", ""ja"": """"}",NULL,96,0,0
15576489,45853241,OP 040,"{""b"": 107, ""g"": 57, ""r"": 205}",NULL,"{""en"": ""rose"", ""ja"": ""ローズ""}",NULL,7,0,0
15633556,45853241,OP 248,"{""b"": 142, ""g"": 106, ""r"": 31}",NULL,"{""en"": ""peacock green"", ""ja"": ""ピーコックグリーン""}",NULL,66,0,0
15893117,93698434,187,"{""b"": 99, ""g"": 151, ""r"": 216}",NULL,"{""en"": ""burnt ochre"", ""ja"": """"}",NULL,89,0,0
16915523,45853241,OP 292,"{""b"": 64, ""g"": 124, ""r"": 84}",NULL,"{""en"": ""cactus green"", ""ja"": ""カクタスグリーン""}",NULL,83,0,0
17838357,45853241,OP 443,"{""b"": 125, ""g"": 48, ""r"": 84}",NULL,"{""en"": ""iris"", ""ja"": ""アイリス""}",NULL,113,0,0
18490274,45853241,OP 099,"{""b"": 34, ""g"": 58, ""r"": 137}",NULL,"{""en"": ""brown"", ""ja"": ""ブラウン""}",NULL,28,0,0
18503647,93698434,104,"{""b"": 111, ""g"": 239, ""r"": 243}",NULL,"{""en"": ""light yellow glaze"", ""ja"": """"}",743,4,0,0
19240689,45853241,OP 145,"{""b"": 79, ""g"": 210, ""r"": 234}",NULL,"{""en"": ""dandelion"", ""ja"": ""ダンディライオン""}",NULL,39,0,0
19722360,45853241,OP 500,"{""b"": 255, ""g"": 255, ""r"": 255}",NULL,"{""en"": ""white"", ""ja"": ""ホワイト""}",NULL,123,0,0
19830812,93698434,249,"{""b"": 161, ""g"": 87, ""r"": 97}",NULL,"{""en"": ""mauve"", ""ja"": """"}",NULL,39,0,0
19922753,93698434,225,"{""b"": 85, ""g"": 48, ""r"": 166}",NULL,"{""en"": ""dark red"", ""ja"": """"}",NULL,21,0,0
20404394,93698434,189,"{""b"": 216, ""g"": 244, ""r"": 255}",NULL,"{""en"": ""cinnamon"", ""ja"": """"}",NULL,85,0,0
20457005,93698434,270,"{""b"": 206, ""g"": 208, ""r"": 217}",NULL,"{""en"": ""warm grey I"", ""ja"": """"}",NULL,109,0,0
20802047,93698434,182,"{""b"": 93, ""g"": 146, ""r"": 196}",NULL,"{""en"": ""brown ochre"", ""ja"": """"}",NULL,95,0,0
21004235,93698434,101,"{""b"": 255, ""g"": 255, ""r"": 255}",NULL,"{""en"": ""white"", ""ja"": """"}",NULL,1,2,0
21330933,93698434,273,"{""b"": 127, ""g"": 126, ""r"": 124}",NULL,"{""en"": ""warm grey IV"", ""ja"": """"}",NULL,106,0,0
23508615,45853241,OP 243,"{""b"": 104, ""g"": 205, ""r"": 151}",NULL,"{""en"": ""fresh green"", ""ja"": ""フレッシュグリーン""}",NULL,63,0,0
23610014,93698434,141,"{""b"": 159, ""g"": 79, ""r"": 72}",NULL,"{""en"": ""Delft blue"", ""ja"": """"}",NULL,40,0,0
23676924,45853241,OP 149,"{""b"": 112, ""g"": 222, ""r"": 239}",NULL,"{""en"": ""lemon"", ""ja"": ""レモン""}",NULL,41,0,0
23923346,45853241,OP 536,"{""b"": 71, ""g"": 54, ""r"": 48}",NULL,"{""en"": ""cool grey #6"", ""ja"": ""クールグレイ#6""}",NULL,138,0,0
24111574,93698434,183,"{""b"": 95, ""g"": 188, ""r"": 242}",NULL,"{""en"": ""light yellow ochre"", ""ja"": """"}",NULL,91,0,0
24666242,45853241,OP 700,"{""b"": 148, ""g"": 106, ""r"": 243}",NULL,"{""en"": ""luminous red"", ""ja"": ""ルミナスレッド""}",NULL,145,0,0
25041723,93698434,154,"{""b"": 218, ""g"": 203, ""r"": 102}",NULL,"{""en"": ""light cobalt turquoise"", ""ja"": """"}",NULL,56,0,0
25248239,45853241,OP 098,"{""b"": 38, ""g"": 62, ""r"": 142}",NULL,"{""en"": ""cocoa"", ""ja"": ""ココア""}",NULL,27,0,0
25448214,93698434,231,"{""b"": 204, ""g"": 196, ""r"": 190}",NULL,"{""en"": ""cold grey II"", ""ja"": """"}",NULL,111,0,0
25601589,45853241,OP 143,"{""b"": 53, ""g"": 201, ""r"": 244}",NULL,"{""en"": ""sunflower"", ""ja"": ""サンフラワー""}",NULL,38,0,0
25632034,93698434,223,"{""b"": 68, ""g"": 47, ""r"": 228}",NULL,"{""en"": ""deep red"", ""ja"": """"}",NULL,18,0,0
25680635,93698434,136,"{""b"": 160, ""g"": 88, ""r"": 115}",NULL,"{""en"": ""purple violet"", ""ja"": """"}",NULL,37,0,0
26547567,45853241,OP 235,"{""b"": 135, ""g"": 190, ""r"": 94}",NULL,"{""en"": ""emerald green"", ""ja"": ""エメラルドグリーン""}",NULL,60,0,0
27205219,45853241,OP 227,"{""b"": 170, ""g"": 194, ""r"": 102}",NULL,"{""en"": ""jade green"", ""ja"": ""ジェードグリーン""}",NULL,58,0,0
27327415,93698434,232,"{""b"": 184, ""g"": 177, ""r"": 172}",NULL,"{""en"": ""cold grey III"", ""ja"": """"}",NULL,112,0,0
27763227,93698434,278,"{""b"": 75, ""g"": 97, ""r"": 74}",NULL,"{""en"": ""chrome oxide green"", ""ja"": """"}",NULL,71,0,0
27795065,93698434,144,"{""b"": 182, ""g"": 109, ""r"": 21}",NULL,"{""en"": ""cobalt blue-greenish"", ""ja"": """"}",NULL,48,0,0
27913937,45853241,OP 189,"{""b"": 38, ""g"": 81, ""r"": 67}",NULL,"{""en"": ""olive green"", ""ja"": ""オリーブグリーン""}",NULL,51,0,0
27981854,45853241,OP 730,"{""b"": 90, ""g"": 151, ""r"": 240}",NULL,"{""en"": ""luminous orange"", ""ja"": ""ルミナスオレンジ""}",NULL,148,0,0
28549901,45853241,OP 024,"{""b"": 135, ""g"": 136, ""r"": 242}",NULL,"{""en"": ""coral"", ""ja"": ""コーラル""}",NULL,4,0,0
29058769,45853241,OP 345,"{""b"": 172, ""g"": 95, ""r"": 35}",NULL,"{""en"": ""spectrum blue"", ""ja"": ""スペクトラムブルー""}",NULL,96,0,0
29124612,45853241,OP 533,"{""b"": 157, ""g"": 141, ""r"": 130}",NULL,"{""en"": ""cool grey #3"", ""ja"": ""クールグレイ#3""}",NULL,135,0,0
30574849,93698434,127,"{""b"": 116, ""g"": 82, ""r"": 232}",NULL,"{""en"": ""pink carmine"", ""ja"": """"}",NULL,25,0,0
30612012,45853241,OP 422,"{""b"": 205, ""g"": 154, ""r"": 160}",NULL,"{""en"": ""lilac"", ""ja"": ""ライラック""}",NULL,105,0,0
30840424,45853241,OP 011,"{""b"": 203, ""g"": 183, ""r"": 226}",NULL,"{""en"": ""cherry blossom"", ""ja"": ""チェリーブロッサム""}",NULL,1,0,0
31387123,93698434,108,"{""b"": 32, ""g"": 194, ""r"": 255}",NULL,"{""en"": ""dark cadmium yellow"", ""ja"": """"}",NULL,9,0,0
32183728,93698434,155,"{""b"": 144, ""g"": 126, ""r"": 8}",NULL,"{""en"": ""helio turquoise"", ""ja"": """"}",NULL,54,0,0
32240235,45853241,OP 187,"{""b"": 56, ""g"": 74, ""r"": 76}",NULL,"{""en"": ""olive drab"", ""ja"": ""オリーブドラブ""}",NULL,50,0,0
32656866,45853241,OP 323,"{""b"": 228, ""g"": 175, ""r"": 81}",NULL,"{""en"": ""aqua"", ""ja"": ""アクア""}",NULL,88,0,0
34181083,45853241,OP 046,"{""b"": 52, ""g"": 87, ""r"": 240}",NULL,"{""en"": ""vermilion"", ""ja"": ""バーミリオン""}",NULL,11,0,0
35173108,45853241,OP 525,"{""b"": 78, ""g"": 81, ""r"": 85}",NULL,"{""en"": ""warm grey #5"", ""ja"": ""ウォームグレイ#5""}",NULL,131,0,0
35573133,45853241,OP 198,"{""b"": 63, ""g"": 158, ""r"": 160}",NULL,"{""en"": ""olive yellow"", ""ja"": ""オリーブイエロー""}",NULL,55,0,0
35575795,45853241,OP 134,"{""b"": 108, ""g"": 207, ""r"": 245}",NULL,"{""en"": ""naples yellow"", ""ja"": ""ネイプルスイエロー""}",NULL,35,0,0
35761226,45853241,OP 650,"{""b"": 123, ""g"": 111, ""r"": 103}",NULL,"{""en"": ""antique silver"", ""ja"": ""アンティークシルバー""}",NULL,144,0,0
35838938,93698434,246,"{""b"": 149, ""g"": 100, ""r"": 18}",NULL,"{""en"": ""Prussian blue"", ""ja"": """"}",NULL,53,0,0
36024732,93698434,181,"{""b"": 85, ""g"": 78, ""r"": 72}",NULL,"{""en"": ""Payne's grey"", ""ja"": """"}",NULL,116,0,0
36247575,45853241,OP 153,"{""b"": 57, ""g"": 151, ""r"": 214}",NULL,"{""en"": ""yellow ochre"", ""ja"": ""イエローオーカー""}",NULL,42,0,0
36301949,45853241,OP 173,"{""b"": 141, ""g"": 170, ""r"": 195}",NULL,"{""en"": ""beige"", ""ja"": ""ベージュ""}",NULL,45,0,0
36357014,93698434,172,"{""b"": 112, ""g"": 140, ""r"": 115}",NULL,"{""en"": ""earth green"", ""ja"": """"}",NULL,77,0,0
37137132,93698434,190,"{""b"": 118, ""g"": 126, ""r"": 220}",NULL,"{""en"": ""Venetian red"", ""ja"": """"}",NULL,87,0,0
37268604,45853241,OP 328,"{""b"": 213, ""g"": 162, ""r"": 131}",NULL,"{""en"": ""lavender blue"", ""ja"": ""ラベンダーブルー""}",NULL,91,0,0
37293114,45853241,OP 510,"{""b"": 17, ""g"": 10, ""r"": 4}",NULL,"{""en"": ""black"", ""ja"": ""ブラック""}",NULL,125,0,0
37620936,93698434,118,"{""b"": 71, ""g"": 77, ""r"": 232}",NULL,"{""en"": ""scarlet red"", ""ja"": """"}",NULL,15,0,0
38578318,45853241,OP 486,"{""b"": 65, ""g"": 30, ""r"": 50}",NULL,"{""en"": ""raisin"", ""ja"": ""レイズン""}",NULL,121,0,0
39478039,93698434,111,"{""b"": 38, ""g"": 143, ""r"": 247}",NULL,"{""en"": ""cadmium orange"", ""ja"": """"}",NULL,11,0,0
39688960,93698434,199,"{""b"": 5, ""g"": 5, ""r"": 5}",NULL,"{""en"": ""black"", ""ja"": """"}",NULL,117,0,0
39773109,45853241,OP 429,"{""b"": 180, ""g"": 134, ""r"": 230}",NULL,"{""en"": ""rose pink"", ""ja"": ""ローズピンク""}",NULL,106,0,0
40126730,45853241,OP 524,"{""b"": 108, ""g"": 113, ""r"": 115}",NULL,"{""en"": ""warm grey #4"", ""ja"": ""ウォームグレイ#4""}",NULL,130,0,0
40608197,93698434,153,"{""b"": 162, ""g"": 130, ""r"": 0}",NULL,"{""en"": ""cobalt turquoise"", ""ja"": """"}",NULL,55,0,0
41768045,45853241,OP 042,"{""b"": 73, ""g"": 61, ""r"": 205}",NULL,"{""en"": ""carmine"", ""ja"": ""カーマイン""}",NULL,8,0,0
41963628,45853241,OP 521,"{""b"": 210, ""g"": 211, ""r"": 211}",NULL,"{""en"": ""warm grey #1"", ""ja"": ""ウォームグレイ#1""}",NULL,127,0,0
41980320,93698434,274,"{""b"": 96, ""g"": 96, ""r"": 98}",NULL,"{""en"": ""warm grey V"", ""ja"": """"}",NULL,105,0,0
42573370,45853241,OP 022,"{""b"": 158, ""g"": 143, ""r"": 243}",NULL,"{""en"": ""pink"", ""ja"": ""ピンク""}",NULL,3,0,0
42641746,45853241,OP 340,"{""b"": 167, ""g"": 110, ""r"": 35}",NULL,"{""en"": ""peacock blue"", ""ja"": ""ピーコックブルー""}",NULL,94,0,0
42685302,45853241,OP 449,"{""b"": 125, ""g"": 48, ""r"": 184}",NULL,"{""en"": ""magenta"", ""ja"": ""マゼンタ""}",NULL,116,0,0
42743647,93698434,205,"{""b"": 100, ""g"": 234, ""r"": 235}",NULL,"{""en"": ""cadmium yellow lemon"", ""ja"": """"}",743,5,0,0
43359090,93698434,251,"{""b"": 176, ""g"": 173, ""r"": 171}",NULL,"{""en"": ""silver"", ""ja"": """"}",NULL,118,0,0
43524606,93698434,163,"{""b"": 116, ""g"": 176, ""r"": 12}",NULL,"{""en"": ""emerald green"", ""ja"": """"}",NULL,63,0,0
43714640,93698434,179,"{""b"": 76, ""g"": 96, ""r"": 124}",NULL,"{""en"": ""bistre"", ""ja"": """"}",NULL,97,0,0
43886241,45853241,OP 522,"{""b"": 176, ""g"": 181, ""r"": 183}",NULL,"{""en"": ""warm grey #2"", ""ja"": ""ウォームグレイ#2""}",NULL,128,0,0
44168136,45853241,OP 272,"{""b"": 138, ""g"": 186, ""r"": 152}",NULL,"{""en"": ""misty green"", ""ja"": ""ミスティグリーン""}",NULL,76,0,0
44233065,45853241,OP 242,"{""b"": 107, ""g"": 220, ""r"": 191}",NULL,"{""en"": ""spring green"", ""ja"": ""スプリンググリーン""}",NULL,62,0,0
44387594,45853241,OP 343,"{""b"": 173, ""g"": 96, ""r"": 35}",NULL,"{""en"": ""turquoise blue"", ""ja"": ""ターコイズブルー""}",NULL,95,0,0
45026070,93698434,102,"{""b"": 182, ""g"": 241, ""r"": 255}",NULL,"{""en"": ""cream"", ""ja"": """"}",NULL,3,0,0
45152327,93698434,126,"{""b"": 74, ""g"": 44, ""r"": 216}",NULL,"{""en"": ""permanent carmine"", ""ja"": """"}",NULL,20,0,0
45198509,45853241,OP 321,"{""b"": 215, ""g"": 194, ""r"": 68}",NULL,"{""en"": ""porcelain blue"", ""ja"": ""ポースリンブルー""}",NULL,87,0,0
45982371,93698434,145,"{""b"": 225, ""g"": 172, ""r"": 67}",NULL,"{""en"": ""light phthalo blue"", ""ja"": """"}",NULL,51,0,0
46509747,93698434,188,"{""b"": 85, ""g"": 114, ""r"": 215}",NULL,"{""en"": ""sanguine"", ""ja"": """"}",NULL,88,0,0
46529936,45853241,OP 630,"{""b"": 82, ""g"": 88, ""r"": 120}",NULL,"{""en"": ""copper"", ""ja"": ""コパー""}",NULL,142,0,0
46965144,45853241,OP 460,"{""b"": 70, ""g"": 41, ""r"": 31}",NULL,"{""en"": ""indigo"", ""ja"": ""インジゴ""}",NULL,117,0,0
47476431,45853241,OP 127,"{""b"": 108, ""g"": 211, ""r"": 229}",NULL,"{""en"": ""cream"", ""ja"": ""クリーム""}",NULL,33,0,0
48319607,45853241,OP 240,"{""b"": 111, ""g"": 227, ""r"": 225}",NULL,"{""en"": ""chartreuse green"", ""ja"": ""シャルトルーズグリーン""}",NULL,61,0,0
48480417,93698434,266,"{""b"": 70, ""g"": 138, ""r"": 39}",NULL,"{""en"": ""permanent green"", ""ja"": """"}",NULL,68,0,0
48977760,45853241,OP 267,"{""b"": 71, ""g"": 83, ""r"": 27}",NULL,"{""en"": ""forest green"", ""ja"": ""フォレストグリーン""}",NULL,72,0,0
49394479,45853241,OP 348,"{""b"": 165, ""g"": 83, ""r"": 33}",NULL,"{""en"": ""royal blue"", ""ja"": ""ロイヤルブルー""}",NULL,98,0,0
49465290,93698434,134,"{""b"": 157, ""g"": 77, ""r"": 161}",NULL,"{""en"": ""crimson"", ""ja"": """"}",NULL,34,0,1
49733001,93698434,280,"{""b"": 70, ""g"": 85, ""r"": 104}",NULL,"{""en"": ""burnt umber"", ""ja"": """"}",NULL,100,0,0
49936774,93698434,103,"{""b"": 216, ""g"": 244, ""r"": 255}",NULL,"{""en"": ""ivory"", ""ja"": """"}",NULL,2,1,0
50405982,93698434,123,"{""b"": 134, ""g"": 76, ""r"": 239}",NULL,"{""en"": ""fuchsia"", ""ja"": """"}",NULL,27,0,0
51033017,93698434,168,"{""b"": 85, ""g"": 162, ""r"": 130}",NULL,"{""en"": ""earth green yellowish"", ""ja"": """"}",NULL,75,0,0
51525759,93698434,152,"{""b"": 214, ""g"": 156, ""r"": 48}",NULL,"{""en"": ""middle phthalo blue"", ""ja"": """"}",NULL,50,0,0
51605649,45853241,OP 059,"{""b"": 57, ""g"": 97, ""r"": 205}",NULL,"{""en"": ""autumn leaf"", ""ja"": ""オータムリーフ""}",NULL,18,0,0
52134762,45853241,OP 291,"{""b"": 65, ""g"": 165, ""r"": 124}",NULL,"{""en"": ""leaf green"", ""ja"": ""リーフグリーン""}",NULL,82,0,0
52258522,93698434,105,"{""b"": 62, ""g"": 231, ""r"": 255}",NULL,"{""en"": ""light cadmium yellow"", ""ja"": """"}",743,6,0,0
52371626,45853241,OP 347,"{""b"": 169, ""g"": 88, ""r"": 35}",NULL,"{""en"": ""cobalt blue"", ""ja"": ""コバルトブルー""}",NULL,97,0,0
52416702,93698434,230,"{""b"": 216, ""g"": 209, ""r"": 202}",NULL,"{""en"": ""cold grey I"", ""ja"": """"}",NULL,110,0,0
52424158,45853241,OP 194,"{""b"": 63, ""g"": 133, ""r"": 172}",NULL,"{""en"": ""kahki"", ""ja"": ""カーキ""}",NULL,53,0,0
53468758,93698434,133,"{""b"": 103, ""g"": 78, ""r"": 147}",NULL,"{""en"": ""magenta"", ""ja"": """"}",NULL,22,0,0
53918231,45853241,OP 379,"{""b"": 183, ""g"": 148, ""r"": 128}",NULL,"{""en"": ""smoke blue"", ""ja"": ""スモークブルー""}",NULL,103,0,0
54166839,45853241,OP 430,"{""b"": 184, ""g"": 117, ""r"": 122}",NULL,"{""en"": ""wisteria"", ""ja"": ""ウィステリア""}",NULL,107,0,0
54328152,93698434,263,"{""b"": 81, ""g"": 78, ""r"": 130}",NULL,"{""en"": ""caput mortuum violet"", ""ja"": """"}",NULL,80,0,0
54539185,93698434,271,"{""b"": 190, ""g"": 193, ""r"": 200}",NULL,"{""en"": ""warm grey II"", ""ja"": """"}",NULL,108,0,0
54984546,93698434,131,"{""b"": 153, ""g"": 156, ""r"": 246}",NULL,"{""en"": ""coral"", ""ja"": """"}",NULL,83,0,0
55262308,45853241,OP 640,"{""b"": 141, ""g"": 124, ""r"": 110}",NULL,"{""en"": ""silver"", ""ja"": ""シルバー""}",NULL,143,0,0
55483126,45853241,OP 270,"{""b"": 130, ""g"": 177, ""r"": 178}",NULL,"{""en"": ""willow green"", ""ja"": ""ウィローグリーン""}",NULL,74,0,0
56039080,93698434,247,"{""b"": 152, ""g"": 94, ""r"": 68}",NULL,"{""en"": ""indanthrene blue"", ""ja"": """"}",NULL,42,0,0
57260082,45853241,OP 180,"{""b"": 48, ""g"": 48, ""r"": 62}",NULL,"{""en"": ""burnt umber"", ""ja"": ""バーントアンバー""}",NULL,47,0,0
57447870,45853241,OP 051,"{""b"": 87, ""g"": 44, ""r"": 187}",NULL,"{""en"": ""strawberry"", ""ja"": ""スイトロベリー""}",NULL,14,0,0
57782557,93698434,158,"{""b"": 96, ""g"": 107, ""r"": 20}",NULL,"{""en"": ""deep cobalt green"", ""ja"": """"}",NULL,58,0,0
57815259,45853241,OP 600,"{""b"": 72, ""g"": 95, ""r"": 116}",NULL,"{""en"": ""gold"", ""ja"": ""ゴールド""}",NULL,139,0,0
57842035,93698434,121,"{""b"": 80, ""g"": 70, ""r"": 239}",NULL,"{""en"": ""pale geranium lake"", ""ja"": """"}",NULL,16,0,0
57865663,45853241,OP 044,"{""b"": 49, ""g"": 66, ""r"": 227}",NULL,"{""en"": ""scarlet"", ""ja"": ""スカーレット""}",NULL,10,0,0
58163516,45853241,OP 142,"{""b"": 50, ""g"": 172, ""r"": 244}",NULL,"{""en"": ""marigold"", ""ja"": ""マリゴールド""}",NULL,37,0,0
58392428,45853241,OP 062,"{""b"": 81, ""g"": 57, ""r"": 177}",NULL,"{""en"": ""crimson"", ""ja"": ""クリムソン""}",NULL,20,0,0
58714604,45853241,OP 054,"{""b"": 60, ""g"": 63, ""r"": 201}",NULL,"{""en"": ""light red"", ""ja"": ""ライトレッド""}",NULL,16,0,0
60850762,45853241,OP 096,"{""b"": 83, ""g"": 89, ""r"": 187}",NULL,"{""en"": ""cinnamon"", ""ja"": ""シナモン""}",NULL,25,0,0
61962312,45853241,OP 440,"{""b"": 152, ""g"": 65, ""r"": 45}",NULL,"{""en"": ""pansy"", ""ja"": ""パンジー""}",NULL,111,0,0
62468998,45853241,OP 534,"{""b"": 122, ""g"": 106, ""r"": 95}",NULL,"{""en"": ""cool grey #4"", ""ja"": ""クールグレイ#4""}",NULL,136,0,0
62522691,93698434,275,"{""b"": 87, ""g"": 85, ""r"": 88}",NULL,"{""en"": ""warm grey VI"", ""ja"": """"}",NULL,104,0,0
62679672,45853241,OP 171,"{""b"": 140, ""g"": 161, ""r"": 204}",NULL,"{""en"": ""cork"", ""ja"": ""コルク""}",NULL,44,0,0
63186060,45853241,OP 469,"{""b"": 85, ""g"": 36, ""r"": 148}",NULL,"{""en"": ""bordeaux red"", ""ja"": ""ボルドーレッド""}",NULL,118,0,0
63329787,45853241,OP 222,"{""b"": 130, ""g"": 215, ""r"": 178}",NULL,"{""en"": ""lettuce green"", ""ja"": ""レタスグリーン""}",NULL,56,0,0
63484050,45853241,OP 228,"{""b"": 202, ""g"": 206, ""r"": 140}",NULL,"{""en"": ""ice green"", ""ja"": ""アイスグリーン""}",NULL,59,0,0
63743246,93698434,184,"{""b"": 91, ""g"": 194, ""r"": 245}",NULL,"{""en"": ""dark Naples ochre"", ""ja"": """"}",NULL,93,0,0
65376396,93698434,171,"{""b"": 133, ""g"": 209, ""r"": 160}",NULL,"{""en"": ""light green"", ""ja"": """"}",NULL,65,0,0
65928189,45853241,OP 532,"{""b"": 187, ""g"": 176, ""r"": 169}",NULL,"{""en"": ""cool grey #2"", ""ja"": ""クールグレイ#2""}",NULL,134,0,0
66096061,93698434,106,"{""b"": 69, ""g"": 222, ""r"": 255}",NULL,"{""en"": ""light chrome yellow"", ""ja"": """"}",NULL,7,0,0
66554970,45853241,OP 501,"{""b"": 239, ""g"": 234, ""r"": 232}",NULL,"{""en"": ""soft white"", ""ja"": ""ソフトホワイト""}",NULL,124,0,0
68624487,93698434,137,"{""b"": 158, ""g"": 82, ""r"": 89}",NULL,"{""en"": ""blue violet"", ""ja"": """"}",NULL,38,0,0
68834549,45853241,OP 122,"{""b"": 158, ""g"": 195, ""r"": 237}",NULL,"{""en"": ""jaune brillant"", ""ja"": ""ジョーンブリヤン""}",NULL,31,0,0
68976926,93698434,272,"{""b"": 159, ""g"": 165, ""r"": 168}",NULL,"{""en"": ""warm grey III"", ""ja"": """"}",NULL,107,0,0
69065265,45853241,OP 057,"{""b"": 52, ""g"": 72, ""r"": 185}",NULL,"{""en"": ""burnt sienna"", ""ja"": ""バーントシェンナ""}",NULL,17,0,0
70113412,93698434,234,"{""b"": 118, ""g"": 113, ""r"": 110}",NULL,"{""en"": ""cold grey V"", ""ja"": """"}",NULL,114,0,0
70427081,45853241,OP 523,"{""b"": 148, ""g"": 152, ""r"": 156}",NULL,"{""en"": ""warm grey #3"", ""ja"": ""ウォームグレイ#3""}",NULL,129,0,0
71062495,45853241,OP 365,"{""b"": 127, ""g"": 75, ""r"": 29}",NULL,"{""en"": ""navy blue"", ""ja"": ""ネイビーブルー""}",NULL,100,0,0
71563990,93698434,120,"{""b"": 180, ""g"": 109, ""r"": 80}",NULL,"{""en"": ""ultramarine"", ""ja"": """"}",NULL,45,0,0
71663736,93698434,124,"{""b"": 114, ""g"": 92, ""r"": 233}",NULL,"{""en"": ""rose carmine"", ""ja"": """"}",NULL,26,0,0
71754987,45853241,OP 535,"{""b"": 124, ""g"": 108, ""r"": 97}",NULL,"{""en"": ""cool grey #5"", ""ja"": ""クールグレイ#5""}",NULL,137,0,0
72144907,45853241,OP 335,"{""b"": 190, ""g"": 112, ""r"": 45}",NULL,"{""en"": ""cerulean blue"", ""ja"": ""セルリアンブルー""}",NULL,92,0,0
72354626,93698434,169,"{""b"": 88, ""g"": 93, ""r"": 154}",NULL,"{""en"": ""caput mortuum"", ""ja"": """"}",NULL,78,0,0
72460277,93698434,226,"{""b"": 93, ""g"": 45, ""r"": 223}",NULL,"{""en"": ""alizarin crimson"", ""ja"": """"}",NULL,24,0,0
74438897,93698434,167,"{""b"": 79, ""g"": 122, ""r"": 76}",NULL,"{""en"": ""permanent green olive"", ""ja"": """"}",NULL,69,0,0
74904749,45853241,OP 165,"{""b"": 53, ""g"": 184, ""r"": 215}",NULL,"{""en"": ""mustard"", ""ja"": ""マスタード""}",NULL,43,0,0
75496685,45853241,OP 610,"{""b"": 54, ""g"": 79, ""r"": 87}",NULL,"{""en"": ""pale gold"", ""ja"": ""ペールゴールド""}",NULL,140,0,0
76059815,45853241,OP 131,"{""b"": 89, ""g"": 166, ""r"": 242}",NULL,"{""en"": ""apricot"", ""ja"": ""アプリコット""}",NULL,34,0,0
76283865,45853241,OP 052,"{""b"": 67, ""g"": 55, ""r"": 209}",NULL,"{""en"": ""madder red"", ""ja"": ""マダーレッド""}",NULL,15,0,0
76836823,93698434,160,"{""b"": 173, ""g"": 105, ""r"": 154}",NULL,"{""en"": ""manganese violet"", ""ja"": """"}",NULL,35,0,0
77290930,45853241,OP 476,"{""b"": 168, ""g"": 127, ""r"": 157}",NULL,"{""en"": ""sea fog"", ""ja"": ""シーフォッグ""}",NULL,119,0,0
77390223,93698434,219,"{""b"": 94, ""g"": 73, ""r"": 232}",NULL,"{""en"": ""deep scarlet red"", ""ja"": """"}",NULL,17,0,0
77700743,45853241,OP 086,"{""b"": 59, ""g"": 57, ""r"": 75}",NULL,"{""en"": ""chocolate"", ""ja"": ""チョコレート""}",NULL,23,0,0
77827088,45853241,OP 120,"{""b"": 154, ""g"": 180, ""r"": 234}",NULL,"{""en"": ""peach"", ""ja"": ""ピーチ""}",NULL,30,0,0
77954066,45853241,OP 312,"{""b"": 221, ""g"": 210, ""r"": 166}",NULL,"{""en"": ""horizon blue"", ""ja"": ""ホリゾンブルー""}",NULL,86,0,0
78485613,93698434,157,"{""b"": 91, ""g"": 74, ""r"": 62}",NULL,"{""en"": ""dark indigo"", ""ja"": """"}",NULL,41,0,0
78876358,93698434,115,"{""b"": 51, ""g"": 121, ""r"": 244}",NULL,"{""en"": ""dark cadmium orange"", ""ja"": """"}",NULL,13,0,0
79043103,45853241,OP 195,"{""b"": 54, ""g"": 118, ""r"": 143}",NULL,"{""en"": ""olive brown"", ""ja"": ""オリーブブラウン""}",NULL,54,0,0
79432384,93698434,113,"{""b"": 52, ""g"": 128, ""r"": 244}",NULL,"{""en"": ""orange glaze"", ""ja"": """"}",NULL,12,0,0
80031479,93698434,162,"{""b"": 143, ""g"": 184, ""r"": 56}",NULL,"{""en"": ""light phthalo green"", ""ja"": """"}",NULL,64,0,0
80110180,93698434,151,"{""b"": 184, ""g"": 112, ""r"": 23}",NULL,"{""en"": ""helioblue-reddish"", ""ja"": """"}",NULL,43,0,0
80491832,93698434,194,"{""b"": 109, ""g"": 73, ""r"": 136}",NULL,"{""en"": ""red-violet"", ""ja"": """"}",NULL,33,0,0
80754340,93698434,132,"{""b"": 255, ""g"": 255, ""r"": 255}",NULL,"{""en"": ""beige red"", ""ja"": """"}",NULL,84,0,0
81137481,45853241,OP 048,"{""b"": 51, ""g"": 106, ""r"": 239}",NULL,"{""en"": ""orange"", ""ja"": ""オレンジ""}",NULL,13,0,0
81770838,45853241,OP 446,"{""b"": 143, ""g"": 57, ""r"": 143}",NULL,"{""en"": ""amethyst"", ""ja"": ""アメジスト""}",NULL,114,0,0
83221532,45853241,OP 043,"{""b"": 61, ""g"": 59, ""r"": 227}",NULL,"{""en"": ""signal red"", ""ja"": ""シグナルレッド""}",NULL,9,0,0
83254566,45853241,OP 296,"{""b"": 62, ""g"": 84, ""r"": 26}",NULL,"{""en"": ""bottle green"", ""ja"": ""ボトルグリーン""}",NULL,85,0,0
83398375,93698434,264,"{""b"": 120, ""g"": 147, ""r"": 0}",NULL,"{""en"": ""dark phthalo green"", ""ja"": """"}",NULL,60,0,0
83518855,45853241,OP 175,"{""b"": 141, ""g"": 188, ""r"": 203}",NULL,"{""en"": ""sand"", ""ja"": ""サンド""}",NULL,46,0,0
83680320,93698434,138,"{""b"": 175, ""g"": 107, ""r"": 138}",NULL,"{""en"": ""violet"", ""ja"": """"}",NULL,36,0,0
84336378,45853241,OP 254,"{""b"": 67, ""g"": 159, ""r"": 101}",NULL,"{""en"": ""ever green"", ""ja"": ""エバーグリーン""}",NULL,68,0,0
84621442,45853241,OP 750,"{""b"": 134, ""g"": 211, ""r"": 168}",NULL,"{""en"": ""luminous green"", ""ja"": ""ルミナスグリーン""}",NULL,150,0,0
84677741,93698434,267,"{""b"": 72, ""g"": 92, ""r"": 49}",NULL,"{""en"": ""pine green"", ""ja"": """"}",NULL,70,0,0
84694620,93698434,119,"{""b"": 185, ""g"": 134, ""r"": 215}",NULL,"{""en"": ""light magenta"", ""ja"": """"}",NULL,31,0,0
84695395,93698434,112,"{""b"": 92, ""g"": 185, ""r"": 73}",NULL,"{""en"": ""leaf green"", ""ja"": """"}",NULL,67,0,0
84695660,45853241,OP 097,"{""b"": 44, ""g"": 58, ""r"": 169}",NULL,"{""en"": ""brick"", ""ja"": ""ブリック""}",NULL,26,0,0
84728237,93698434,140,"{""b"": 210, ""g"": 154, ""r"": 101}",NULL,"{""en"": ""light ultramarine"", ""ja"": """"}",NULL,46,0,0
85339300,93698434,109,"{""b"": 50, ""g"": 166, ""r"": 250}",NULL,"{""en"": ""dark chrome yellow"", ""ja"": """"}",NULL,10,0,0
85356015,45853241,OP 324,"{""b"": 228, ""g"": 171, ""r"": 99}",NULL,"{""en"": ""sky blue"", ""ja"": ""スカイブルー""}",NULL,89,0,0
85427047,93698434,177,"{""b"": 72, ""g"": 79, ""r"": 93}",NULL,"{""en"": ""walnut brown"", ""ja"": """"}",NULL,102,0,0
85622569,45853241,OP 740,"{""b"": 146, ""g"": 239, ""r"": 239}",NULL,"{""en"": ""luminous lemon"", ""ja"": ""ルミナスレモン""}",NULL,149,0,0
85674679,45853241,OP 495,"{""b"": 169, ""g"": 101, ""r"": 155}",NULL,"{""en"": ""rose grey"", ""ja"": ""ローズグレイ""}",NULL,122,0,0
85938304,93698434,142,"{""b"": 92, ""g"": 63, ""r"": 205}",NULL,"{""en"": ""madder"", ""ja"": """"}",NULL,23,0,0
86278519,45853241,OP 271,"{""b"": 140, ""g"": 206, ""r"": 181}",NULL,"{""en"": ""opal green"", ""ja"": ""オパールグリーン""}",NULL,75,0,0
86304742,45853241,OP 225,"{""b"": 160, ""g"": 201, ""r"": 131}",NULL,"{""en"": ""cobalt green"", ""ja"": ""コバルトグリーン""}",NULL,57,0,0
88250128,93698434,283,"{""b"": 71, ""g"": 90, ""r"": 137}",NULL,"{""en"": ""burnt siena"", ""ja"": """"}",NULL,101,0,0
88415512,45853241,OP 251,"{""b"": 62, ""g"": 202, ""r"": 170}",NULL,"{""en"": ""apple green"", ""ja"": ""アップルグリーン""}",NULL,67,0,0
89294245,45853241,OP 140,"{""b"": 51, ""g"": 144, ""r"": 242}",NULL,"{""en"": ""tangerine"", ""ja"": ""タンジェリン""}",NULL,36,0,0
89618946,45853241,OP 288,"{""b"": 49, ""g"": 56, ""r"": 24}",NULL,"{""en"": ""fir green"", ""ja"": ""ファーグリーン""}",NULL,80,0,0
89955043,45853241,OP 448,"{""b"": 149, ""g"": 57, ""r"": 184}",NULL,"{""en"": ""azalea"", ""ja"": ""アゼリア""}",NULL,115,0,0
89992771,93698434,250,"{""b"": 141, ""g"": 192, ""r"": 205}",NULL,"{""en"": ""gold"", ""ja"": """"}",NULL,119,0,0
90225345,93698434,143,"{""b"": 181, ""g"": 106, ""r"": 5}",NULL,"{""en"": ""cobalt blue"", ""ja"": """"}",NULL,44,0,0
90323284,45853241,OP 116,"{""b"": 196, ""g"": 223, ""r"": 233}",NULL,"{""en"": ""ivory"", ""ja"": ""アイボリ""}",NULL,29,0,0
90652224,93698434,159,"{""b"": 100, ""g"": 119, ""r"": 11}",NULL,"{""en"": ""Hooker´s green"", ""ja"": """"}",NULL,59,0,0
90704310,45853241,OP 481,"{""b"": 81, ""g"": 45, ""r"": 42}",NULL,"{""en"": ""grape"", ""ja"": ""グレープ""}",NULL,120,0,0
91772333,45853241,OP 290,"{""b"": 61, ""g"": 136, ""r"": 116}",NULL,"{""en"": ""moss green"", ""ja"": ""モスグリーン""}",NULL,81,0,0
91853489,45853241,OP 080,"{""b"": 53, ""g"": 37, ""r"": 100}",NULL,"{""en"": ""burgundy"", ""ja"": ""バーガンディ""}",NULL,22,0,0
91994275,93698434,252,"{""b"": 146, ""g"": 144, ""r"": 176}",NULL,"{""en"": ""copper"", ""ja"": """"}",NULL,120,0,0
92113824,45853241,OP 245,"{""b"": 110, ""g"": 171, ""r"": 59}",NULL,"{""en"": ""summer green"", ""ja"": ""サマーグリーン""}",NULL,64,0,0
92229329,93698434,173,"{""b"": 68, ""g"": 93, ""r"": 91}",NULL,"{""en"": ""olive green yellowish"", ""ja"": """"}",NULL,73,0,0
92265042,45853241,OP 184,"{""b"": 64, ""g"": 97, ""r"": 127}",NULL,"{""en"": ""raw umber"", ""ja"": ""ローアンバー""}",NULL,49,0,0
92548255,45853241,OP 620,"{""b"": 89, ""g"": 94, ""r"": 93}",NULL,"{""en"": ""bronze"", ""ja"": ""ブロンズ""}",NULL,141,0,0
92568470,93698434,110,"{""b"": 194, ""g"": 125, ""r"": 11}",NULL,"{""en"": ""phthalo blue"", ""ja"": """"}",NULL,49,0,0
92573422,45853241,OP 019,"{""b"": 192, ""g"": 197, ""r"": 227}",NULL,"{""en"": ""shell pink"", ""ja"": ""シェルピンク""}",NULL,2,0,0
92745336,93698434,170,"{""b"": 86, ""g"": 187, ""r"": 159}",NULL,"{""en"": ""may green"", ""ja"": """"}",NULL,74,0,0
93185504,93698434,130,"{""b"": 146, ""g"": 152, ""r"": 246}",NULL,"{""en"": ""salmon"", ""ja"": """"}",NULL,82,0,0
93345926,45853241,OP 247,"{""b"": 140, ""g"": 104, ""r"": 30}",NULL,"{""en"": ""viridian"", ""ja"": ""ビリジャン""}",NULL,65,0,0
93783481,45853241,OP 526,"{""b"": 52, ""g"": 52, ""r"": 51}",NULL,"{""en"": ""warm grey #6"", ""ja"": ""ウォームグレイ#6""}",NULL,132,0,0
93922917,45853241,OP 147,"{""b"": 56, ""g"": 217, ""r"": 242}",NULL,"{""en"": ""canary yellow"", ""ja"": ""カナリーイエロー""}",NULL,40,0,0
93926450,93698434,156,"{""b"": 189, ""g"": 186, ""r"": 1}",NULL,"{""en"": ""cobalt green"", ""ja"": """"}",NULL,57,0,0
94364865,45853241,OP 093,"{""b"": 66, ""g"": 60, ""r"": 163}",NULL,"{""en"": ""mahogany"", ""ja"": ""マホガニー""}",NULL,24,0,0
95108715,93698434,107,"{""b"": 48, ""g"": 213, ""r"": 255}",NULL,"{""en"": ""cadmium yellow"", ""ja"": """"}",NULL,8,0,0
95610833,45853241,OP 437,"{""b"": 171, ""g"": 110, ""r"": 211}",NULL,"{""en"": ""cosmos"", ""ja"": ""コスモス""}",NULL,110,0,0
95861329,45853241,OP 274,"{""b"": 133, ""g"": 183, ""r"": 129}",NULL,"{""en"": ""mint green"", ""ja"": ""ミントグリーン""}",NULL,77,0,0
96081697,45853241,OP 264,"{""b"": 63, ""g"": 121, ""r"": 57}",NULL,"{""en"": ""holly green"", ""ja"": ""ホリーグリーン""}",NULL,71,0,0
96250319,45853241,OP 511,"{""b"": 38, ""g"": 34, ""r"": 30}",NULL,"{""en"": ""lamp black"", ""ja"": ""ランプブラック""}",NULL,126,0,0
96506542,93698434,146,"{""b"": 223, ""g"": 178, ""r"": 134}",NULL,"{""en"": ""sky blue"", ""ja"": """"}",NULL,47,0,0
97209077,93698434,235,"{""b"": 88, ""g"": 87, ""r"": 87}",NULL,"{""en"": ""cold grey VI"", ""ja"": """"}",NULL,115,0,0
98327556,93698434,175,"{""b"": 72, ""g"": 73, ""r"": 71}",NULL,"{""en"": ""dark sepia"", ""ja"": """"}",NULL,103,0,0
98489344,93698434,186,"{""b"": 89, ""g"": 142, ""r"": 236}",NULL,"{""en"": ""terracotta"", ""ja"": """"}",NULL,90,0,0
98837040,93698434,117,"{""b"": 68, ""g"": 85, ""r"": 240}",NULL,"{""en"": ""light cadmium red"", ""ja"": """"}",NULL,14,0,0
99511756,45853241,OP 076,"{""b"": 143, ""g"": 137, ""r"": 188}",NULL,"{""en"": ""ash rose"", ""ja"": ""アッシュローズ""}",NULL,21,0,0
99523116,93698434,176,"{""b"": 84, ""g"": 89, ""r"": 108}",NULL,"{""en"": ""Van Dyck brown"", ""ja"": """"}",NULL,98,0,0
99776112,93698434,191,"{""b"": 131, ""g"": 124, ""r"": 231}",NULL,"{""en"": ""Pompeian red"", ""ja"": """"}",NULL,86,0,0